{
    "anchorpoints": [],
    "portpins": [
        {
            "name": "1",
            "position": [
                -1.5499999999999998,
                1.3777276490407724e-16,
                3.0
            ],
            "rotation": [
                1.0,
                -1.1021821192326179e-16,
                0.0,
                1.1021821192326179e-16,
                1.0,
                0.0,
                -0.0,
                0.0,
                1.0
            ]
        }
    ],
    "version": 7
}