{
    "anchorpoints": [],
    "portpins": [
        {
            "name": "1",
            "position": [
                -6.40954305,
                1.5943798224294206e-16,
                3.0
            ],
            "rotation": [
                1.0,
                -2.6096547800402532e-17,
                0.0,
                2.6096547800402532e-17,
                1.0,
                0.0,
                -0.0,
                0.0,
                1.0
            ]
        }
    ],
    "version": 7
}