{
    "anchorpoints": [],
    "portpins": [
        {
            "name": "1",
            "position": [
                -6.300000000000001,
                2.755455298081545e-16,
                3.0
            ],
            "rotation": [
                1.0,
                -4.592425496802575e-17,
                0.0,
                4.592425496802575e-17,
                1.0,
                0.0,
                -0.0,
                0.0,
                1.0
            ]
        }
    ],
    "version": 7
}