{
    "anchorpoints": [],
    "portpins": [
        {
            "name": "1",
            "position": [
                -5.8916,
                1.9313904669352905e-16,
                3.0
            ],
            "rotation": [
                1.0,
                -3.454092687129427e-17,
                0.0,
                3.454092687129427e-17,
                1.0,
                0.0,
                -0.0,
                0.0,
                1.0
            ]
        }
    ],
    "version": 7
}