{
    "anchorpoints": [],
    "portpins": [
        {
            "name": "1",
            "position": [
                -2.823756955,
                1.7395381260174558e-17,
                3.0
            ],
            "rotation": [
                1.0,
                -6.892653124030542e-18,
                0.0,
                6.892653124030542e-18,
                1.0,
                0.0,
                -0.0,
                0.0,
                1.0
            ]
        }
    ],
    "version": 7
}