{
    "anchorpoints": [],
    "portpins": [
        {
            "name": "1",
            "position": [
                -11.075,
                7.347880794884119e-17,
                3.0
            ],
            "rotation": [
                1.0,
                -6.8193789279667006e-18,
                0.0,
                6.8193789279667006e-18,
                1.0,
                0.0,
                -0.0,
                0.0,
                1.0
            ]
        }
    ],
    "version": 6
}