{
    "anchorpoints": [],
    "portpins": [
        {
            "name": "1",
            "position": [
                -6.762905883789054,
                7.36204642620398e-17,
                3.0
            ],
            "rotation": [
                1.0,
                -1.1391232610504582e-17,
                0.0,
                1.1391232610504582e-17,
                1.0,
                0.0,
                -0.0,
                0.0,
                1.0
            ]
        }
    ],
    "version": 7
}