{
    "anchorpoints": [],
    "portpins": [
        {
            "name": "1",
            "position": [
                -5.3665,
                1.2482212500309397e-16,
                3.0
            ],
            "rotation": [
                1.0,
                -2.463675614390486e-17,
                0.0,
                2.463675614390486e-17,
                1.0,
                0.0,
                -0.0,
                0.0,
                1.0
            ]
        }
    ],
    "version": 7
}