{
    "anchorpoints": [],
    "portpins": [
        {
            "name": "1",
            "position": [
                6.5,
                -5.0,
                0.5953582763671901
            ],
            "rotation": [
                0.7659990155750955,
                -0.6383325129792463,
                -0.07600730893529221,
                0.6352130586244201,
                0.7697607439156665,
                -0.06302989195142761,
                0.09874147199122357,
                -0.0,
                0.995113120056713
            ]
        }
    ],
    "version": 7
}