{
    "anchorpoints": [],
    "portpins": [
        {
            "name": "1",
            "position": [
                6.5,
                -5.0,
                0.4135
            ],
            "rotation": [
                0.7671468803158326,
                -0.6392890669298604,
                -0.05286920583509945,
                0.6377762995450689,
                0.7689665070105124,
                -0.04395341664364766,
                0.06875358725393313,
                -0.0,
                0.9976336723666236
            ]
        }
    ],
    "version": 7
}