{
    "anchorpoints": [],
    "portpins": [
        {
            "name": "1",
            "position": [
                6.5,
                -5.0,
                0.559045934677125
            ],
            "rotation": [
                0.766260825983577,
                -0.6385506883196475,
                -0.07139583327807578,
                0.6357968316845434,
                0.7695797674357769,
                -0.05923993900564005,
                0.09277249259809044,
                -0.0,
                0.9956873327592037
            ]
        }
    ],
    "version": 7
}