{
    "anchorpoints": [],
    "portpins": [
        {
            "name": "1",
            "position": [
                6.5,
                -5.0,
                0.375
            ],
            "rotation": [
                0.7673373067269141,
                -0.6394477556057618,
                -0.047958581670432134,
                0.6382024812874265,
                0.7688345516759466,
                -0.03988765508046416,
                0.06237828615518053,
                -0.0,
                0.9980525784828885
            ]
        }
    ],
    "version": 7
}