{
    "anchorpoints": [],
    "portpins": [
        {
            "name": "1",
            "position": [
                6.449999999999999,
                -5.0,
                0.525
            ],
            "rotation": [
                0.7691070670076994,
                -0.6356256752129748,
                -0.06674069589736235,
                0.6332459053105817,
                0.7719974099762575,
                -0.05495109095670337,
                0.08645196866582094,
                -0.0,
                0.9962560198632698
            ]
        }
    ],
    "version": 7
}