{
    "anchorpoints": [],
    "portpins": [
        {
            "name": "1",
            "position": [
                6.5,
                -5.0,
                0.475
            ],
            "rotation": [
                0.7668044716237293,
                -0.6390037263531078,
                -0.060705354003545244,
                0.6370106563901003,
                0.7692036386463877,
                -0.05043001029754961,
                0.07891974368500386,
                -0.0,
                0.9968809728632066
            ]
        }
    ],
    "version": 7
}