{
    "anchorpoints": [],
    "portpins": [
        {
            "name": "1",
            "position": [
                -37.25,
                7.016709298534875e-17,
                10.575000000000003
            ],
            "rotation": [
                -0.02069949777314326,
                0.0,
                -0.9997857424428194,
                0.0,
                0.9999999999999999,
                0.0,
                0.9997857424428194,
                0.0,
                -0.02069949777314326
            ]
        }
    ],
    "version": 6
}