{
    "anchorpoints": [],
    "portpins": [
        {
            "name": "1",
            "position": [
                -37.25,
                3.1185374660155e-17,
                4.9
            ],
            "rotation": [
                -0.04624676139488887,
                0.0,
                -0.9989300461295997,
                0.0,
                0.9999999999999999,
                0.0,
                0.9989300461295997,
                0.0,
                -0.04624676139488887
            ]
        }
    ],
    "version": 6
}