{
    "anchorpoints": [],
    "portpins": [
        {
            "name": "1",
            "position": [
                -0.7999999999999999,
                2.755455298081545e-16,
                3.0
            ],
            "rotation": [
                0.9999999999999998,
                -5.51091059616309e-16,
                0.0,
                5.510910596163089e-16,
                0.9999999999999996,
                0.0,
                -0.0,
                0.0,
                0.9999999999999998
            ]
        }
    ],
    "version": 6
}