{
    "anchorpoints": [],
    "portpins": [
        {
            "name": "1",
            "position": [
                2.032,
                -3.81,
                0.0456
            ],
            "rotation": [
                0.42286059588344005,
                -0.9061298483216573,
                -0.010845018657078105,
                0.9058319881524143,
                0.4229996430028876,
                -0.023231686535292517,
                0.02563836361678459,
                -0.0,
                0.9996712831281358
            ]
        }
    ],
    "version": 7
}